Test,Answered,Accuracy,Correct_Cnt,TCI,Final_Level,어휘력,문장 독해력,구조 독해력,논리 사고력,어법·문법 능력,국어 개념 적용 능력,국어 관련 배경지식,비문학 배경지식,문제 분석 및 전략 수립 능력,선택지 분석 및 전략 수립 능력
Sohssure,20,20%,4,42.55,Sohssure 1,29.0,37.0,41.5,31.5,43.0,53.5,50.0,40.0,50.0,50.0
Sohssure,20,40%,8,45.35,Sohssure 2,45.6,34.5,51.0,34.5,47.9,50.0,47.0,43.0,50.0,50.0
Sohssure,20,60%,12,52.18,Sohssure 2,48.4,57.5,53.5,52.0,61.9,57.0,50.0,41.5,50.0,50.0
Sohssure,20,80%,16,56.5,Sohssure 3,78.0,60.5,51.0,51.0,71.0,53.5,53.5,46.5,50.0,50.0
Sohssure,20,100%,20,60.85,Sohssure 3,67.5,92.0,50.0,78.0,64.0,53.5,50.0,53.5,50.0,50.0
Sohssure,30,20%,6,37.75,Sohssure 1,32.6,4.5,48.0,7.5,47.9,57.0,50.0,30.0,50.0,50.0
Sohssure,30,40%,12,45.9,Sohssure 2,33.0,40.5,46.0,43.5,51.0,57.0,53.5,34.5,50.0,50.0
Sohssure,30,60%,18,53.0,Sohssure 2,31.5,68.0,61.5,63.0,47.5,57.0,50.0,51.5,50.0,50.0
Sohssure,30,80%,24,59.18,Sohssure 3,76.9,67.0,60.5,65.0,61.9,57.0,50.0,53.5,50.0,50.0
Sohssure,30,100%,30,66.2,Frege 1 (Promoted),74.5,100,64.0,88.5,71.0,57.0,53.5,53.5,50.0,50.0
Sohssure,40,20%,8,35.48,Sohssure 1,20.4,1.5,47.5,9.0,41.4,53.5,47.0,34.5,50.0,50.0
Sohssure,40,40%,16,43.75,Sohssure 1,29.0,35.0,49.0,39.0,40.0,52.0,53.5,40.0,50.0,50.0
Sohssure,40,60%,24,52.6,Sohssure 2,51.5,73.0,52.0,43.0,58.0,60.5,50.0,38.0,50.0,50.0
Sohssure,40,80%,32,62.45,Sohssure 3,73.0,97.5,47.5,82.5,60.0,53.5,53.5,57.0,50.0,50.0
Sohssure,40,100%,40,68.75,Frege 1 (Promoted),85.0,100,71.0,100,64.0,57.0,53.5,57.0,50.0,50.0
Sohssure,50,20%,10,31.55,Sohssure 1 (Foundation),5.0,1.0,44.0,0,39.0,46.5,47.5,32.5,50.0,50.0
Sohssure,50,40%,20,41.92,Sohssure 1,42.5,17.6,46.5,21.0,60.1,53.5,45.0,33.0,50.0,50.0
Sohssure,50,60%,30,53.62,Sohssure 2,29.5,74.6,61.0,56.0,50.6,64.0,47.5,53.0,50.0,50.0
Sohssure,50,80%,40,66.1,Frege 1 (Promoted),66.0,88.5,71.0,78.5,78.0,64.0,53.5,61.5,50.0,50.0
Sohssure,50,100%,50,72.25,Frege 1 (Promoted),95.5,100,71.0,100,78.0,60.5,53.5,64.0,50.0,50.0
Sohssure,20,20%,4,42.4,Sohssure 1,32.5,24.0,53.5,34.0,44.0,50.0,50.0,36.0,50.0,50.0
Sohssure,20,40%,8,44.95,Sohssure 1,45.0,41.0,50.0,28.0,50.0,50.0,47.5,38.0,50.0,50.0
Sohssure,20,60%,12,51.45,Sohssure 2,46.5,49.5,51.5,55.5,57.0,50.0,50.0,54.5,50.0,50.0
Sohssure,20,80%,16,55.7,Sohssure 3,57.5,64.0,54.5,68.5,57.0,53.5,51.0,51.0,50.0,50.0
Sohssure,20,100%,20,61.55,Sohssure 3,60.5,95.5,57.0,78.0,64.0,57.0,50.0,53.5,50.0,50.0
Sohssure,30,20%,6,38.87,Sohssure 1,46.0,5.1,42.0,8.5,54.1,50.0,46.5,36.5,50.0,50.0
Sohssure,30,40%,12,46.47,Sohssure 2,24.0,49.6,60.5,41.0,41.1,57.0,50.0,41.5,50.0,50.0
Sohssure,30,60%,18,50.85,Sohssure 2,52.0,60.0,54.5,49.5,53.5,53.5,50.0,35.5,50.0,50.0
Sohssure,30,80%,24,59.45,Sohssure 3,68.5,84.0,50.5,66.5,60.5,57.0,53.5,54.0,50.0,50.0
Sohssure,30,100%,30,64.1,Sohssure 3,74.5,100,57.0,81.5,64.0,50.0,50.0,64.0,50.0,50.0
Sohssure,40,20%,8,35.35,Sohssure 1,28.0,0,38.5,15.5,52.0,50.0,50.0,19.5,50.0,50.0
Sohssure,40,40%,16,40.75,Sohssure 1,34.5,35.5,45.0,10.0,45.0,52.0,50.0,35.5,50.0,50.0
Sohssure,40,60%,24,52.9,Sohssure 2,42.0,74.5,58.0,66.5,45.0,57.0,43.5,42.5,50.0,50.0
Sohssure,40,80%,32,62.65,Sohssure 3,76.0,87.0,55.5,73.5,78.0,57.0,47.5,52.0,50.0,50.0
Sohssure,40,100%,40,69.0,Frege 1 (Promoted),81.5,100,60.5,99.0,71.0,64.0,53.5,60.5,50.0,50.0
Sohssure,50,20%,10,32.67,Sohssure 1 (Foundation),12.1,17.6,41.0,0,43.5,48.5,50.0,14.0,50.0,50.0
Sohssure,50,40%,20,40.2,Sohssure 1,23.0,20.0,58.0,26.0,39.0,57.0,41.0,38.0,50.0,50.0
Sohssure,50,60%,30,53.7,Sohssure 2,59.5,56.0,60.5,34.0,61.5,57.0,53.5,55.0,50.0,50.0
Sohssure,50,80%,40,65.23,Frege 1 (Promoted),66.5,99.5,71.0,88.5,59.8,55.5,53.5,58.0,50.0,50.0
Sohssure,50,100%,50,72.25,Frege 1 (Promoted),92.0,100,71.0,100,78.0,64.0,53.5,64.0,50.0,50.0
Sohssure,20,20%,4,42.75,Sohssure 1,32.5,28.5,54.5,28.5,46.5,50.0,50.0,37.0,50.0,50.0
Sohssure,20,40%,8,45.7,Sohssure 2,43.0,42.5,47.0,36.5,47.5,50.0,50.0,40.5,50.0,50.0
Sohssure,20,60%,12,51.55,Sohssure 2,50.5,55.5,54.5,55.5,48.5,50.0,50.0,51.0,50.0,50.0
Sohssure,20,80%,16,55.25,Sohssure 3,65.0,68.5,53.5,58.0,57.0,55.5,50.0,45.0,50.0,50.0
Sohssure,20,100%,20,59.45,Sohssure 3,67.5,85.0,57.0,71.0,57.0,53.5,50.0,53.5,50.0,50.0
Sohssure,30,20%,6,38.45,Sohssure 1,39.0,13.0,54.5,0,50.0,50.0,50.0,28.0,50.0,50.0
Sohssure,30,40%,12,45.95,Sohssure 2,44.5,37.0,50.5,23.5,62.5,50.0,50.0,41.5,50.0,50.0
Sohssure,30,60%,18,51.2,Sohssure 2,47.0,76.5,47.5,49.0,50.0,53.5,51.0,37.5,50.0,50.0
Sohssure,30,80%,24,58.4,Sohssure 3,66.0,76.5,54.0,71.5,57.0,57.0,53.5,48.5,50.0,50.0
Sohssure,30,100%,30,65.75,Frege 1 (Promoted),85.0,85.0,67.5,85.0,71.0,53.5,53.5,57.0,50.0,50.0
Sohssure,40,20%,8,35.4,Sohssure 1,32.0,5.5,41.0,0,51.0,57.0,47.5,20.0,50.0,50.0
Sohssure,40,40%,16,43.0,Sohssure 1,31.1,37.5,47.0,10.0,59.4,50.0,50.0,45.0,50.0,50.0
Sohssure,40,60%,24,52.4,Sohssure 2,44.5,62.5,55.5,53.0,59.0,57.0,53.5,39.0,50.0,50.0
Sohssure,40,80%,32,61.5,Sohssure 3,63.5,85.0,61.5,76.0,57.0,60.5,53.5,58.0,50.0,50.0
Sohssure,40,100%,40,68.05,Frege 1 (Promoted),78.0,100,71.0,100,57.0,64.0,53.5,57.0,50.0,50.0
Sohssure,50,20%,10,32.25,Sohssure 1 (Foundation),0,0,36.0,4.0,52.0,45.0,50.0,35.5,50.0,50.0
Sohssure,50,40%,20,41.65,Sohssure 1,17.1,39.0,48.0,25.5,48.9,57.0,50.0,31.0,50.0,50.0
Sohssure,50,60%,30,53.8,Sohssure 2,62.5,54.0,60.5,43.5,68.5,52.0,50.0,47.0,50.0,50.0
Sohssure,50,80%,40,66.3,Frege 1 (Promoted),74.0,95.5,61.0,79.5,78.0,64.0,53.5,57.5,50.0,50.0
Sohssure,50,100%,50,72.25,Frege 1 (Promoted),92.0,100,71.0,100,78.0,64.0,53.5,64.0,50.0,50.0
Sohssure,20,20%,4,43.35,Sohssure 1,49.5,33.0,45.0,18.0,64.0,45.0,50.0,29.0,50.0,50.0
Sohssure,20,40%,8,46.55,Sohssure 2,34.0,49.0,46.5,41.0,50.0,50.0,51.0,44.0,50.0,50.0
Sohssure,20,60%,12,51.35,Sohssure 2,48.5,53.5,50.5,54.5,53.5,52.0,50.0,51.0,50.0,50.0
Sohssure,20,80%,16,54.95,Sohssure 2,57.0,62.5,50.0,68.5,57.0,50.0,51.0,53.5,50.0,50.0
Sohssure,20,100%,20,61.55,Sohssure 3,67.5,78.0,60.5,78.0,64.0,57.0,53.5,57.0,50.0,50.0
Sohssure,30,20%,6,37.25,Sohssure 1,42.1,5.5,42.5,8.0,44.9,45.0,47.5,37.0,50.0,50.0
Sohssure,30,40%,12,46.6,Sohssure 2,54.5,37.0,45.0,25.0,60.5,53.5,47.5,43.0,50.0,50.0
Sohssure,30,60%,18,52.05,Sohssure 2,54.5,62.5,44.5,31.0,64.0,57.0,50.0,57.0,50.0,50.0
Sohssure,30,80%,24,58.55,Sohssure 3,67.5,84.5,48.5,65.5,64.0,53.5,47.5,54.5,50.0,50.0
Sohssure,30,100%,30,66.2,Frege 1 (Promoted),67.5,100,64.0,99.0,64.0,57.0,53.5,57.0,50.0,50.0
Sohssure,40,20%,8,35.73,Sohssure 1,14.4,9.0,45.5,0,48.9,53.5,47.5,38.5,50.0,50.0
Sohssure,40,40%,16,43.65,Sohssure 1,30.5,23.5,54.0,33.0,49.5,53.5,53.5,39.0,50.0,50.0
Sohssure,40,60%,24,53.95,Sohssure 2,53.5,51.5,57.0,54.5,61.5,60.5,53.5,47.5,50.0,50.0
Sohssure,40,80%,32,61.5,Sohssure 3,63.5,75.0,67.5,68.5,71.0,60.5,47.5,61.5,50.0,50.0
Sohssure,40,100%,40,69.1,Frege 1 (Promoted),85.0,100,71.0,100,64.0,60.5,50.0,60.5,50.0,50.0
Sohssure,50,20%,10,31.95,Sohssure 1 (Foundation),0,4.5,36.0,6.0,47.5,45.0,47.5,33.0,50.0,50.0
Sohssure,50,40%,20,41.4,Sohssure 1,43.0,28.5,47.5,1.0,48.5,57.0,50.0,38.5,50.0,50.0
Sohssure,50,60%,30,52.85,Sohssure 2,49.0,60.5,58.0,65.0,47.5,57.0,51.0,40.5,50.0,50.0
Sohssure,50,80%,40,65.8,Frege 1 (Promoted),75.0,95.0,61.5,83.5,78.0,60.5,50.0,54.5,50.0,50.0
Sohssure,50,100%,50,72.6,Frege 1 (Promoted),95.5,100,71.0,100,78.0,64.0,53.5,64.0,50.0,50.0
Sohssure,20,20%,4,42.5,Sohssure 1,31.6,23.5,50.0,33.0,45.4,50.0,50.0,41.5,50.0,50.0
Sohssure,20,40%,8,47.25,Sohssure 2,38.5,39.5,48.0,41.5,50.0,53.5,53.5,48.0,50.0,50.0
Sohssure,20,60%,12,52.55,Sohssure 2,46.0,51.5,57.5,51.0,64.0,53.5,50.0,52.0,50.0,50.0
Sohssure,20,80%,16,55.85,Sohssure 3,53.0,72.0,53.5,71.0,64.0,48.5,46.5,50.0,50.0,50.0
Sohssure,20,100%,20,60.85,Sohssure 3,81.5,74.5,57.0,60.5,71.0,57.0,50.0,57.0,50.0,50.0
Sohssure,30,20%,6,39.9,Sohssure 1,31.5,28.5,54.5,16.5,47.0,41.5,47.5,32.0,50.0,50.0
Sohssure,30,40%,12,45.85,Sohssure 2,46.5,35.5,39.5,29.0,54.5,53.5,51.0,49.0,50.0,50.0
Sohssure,30,60%,18,53.7,Sohssure 2,54.5,68.5,44.5,54.0,64.0,57.0,50.0,44.5,50.0,50.0
Sohssure,30,80%,24,60.65,Sohssure 3,59.0,73.5,64.0,78.5,64.0,53.5,53.5,60.5,50.0,50.0
Sohssure,30,100%,30,65.4,Frege 1 (Promoted),81.5,95.5,64.0,78.0,71.0,60.5,53.5,50.0,50.0,50.0
Sohssure,40,20%,8,35.85,Sohssure 1,34.0,6.5,34.5,0,53.0,50.0,50.0,30.5,50.0,50.0
Sohssure,40,40%,16,44.42,Sohssure 1,40.5,30.1,45.5,22.0,53.1,52.0,47.0,54.0,50.0,50.0
Sohssure,40,60%,24,52.67,Sohssure 2,59.5,53.1,58.0,46.0,62.6,55.5,47.0,45.0,50.0,50.0
Sohssure,40,80%,32,63.1,Sohssure 3,70.5,91.5,58.0,79.5,60.5,60.5,53.5,57.0,50.0,50.0
Sohssure,40,100%,40,68.65,Frege 1 (Promoted),81.5,100,64.0,99.0,71.0,64.0,50.0,57.0,50.0,50.0
Sohssure,50,20%,10,32.2,Sohssure 1 (Foundation),16.0,16.5,27.5,0,52.0,45.0,47.0,18.0,50.0,50.0
Sohssure,50,40%,20,43.1,Sohssure 1,34.0,21.5,67.5,17.5,47.5,64.0,47.0,32.0,50.0,50.0
Sohssure,50,60%,30,52.65,Sohssure 2,61.5,60.5,45.5,58.0,58.0,50.0,48.5,44.5,50.0,50.0
Sohssure,50,80%,40,67.2,Frege 1 (Promoted),80.5,100,61.5,96.0,78.0,57.0,47.0,52.0,50.0,50.0
Sohssure,50,100%,50,72.6,Frege 1 (Promoted),95.5,100,71.0,100,78.0,64.0,53.5,64.0,50.0,50.0
Frege,20,20%,4,43.64,Frege 1,51.0,33.0,38.0,29.5,50.7,47.2,53.5,33.5,50.0,50.0
Frege,20,40%,8,49.0,Frege 2,47.5,40.5,53.5,45.0,53.5,54.5,53.5,42.0,50.0,50.0
Frege,20,60%,12,51.99,Frege 2,64.0,63.5,43.5,51.5,54.2,54.2,50.0,39.0,50.0,50.0
Frege,20,80%,16,58.8,Frege 3,64.0,69.5,53.5,61.0,71.0,61.5,57.0,50.5,50.0,50.0
Frege,20,100%,20,63.3,Frege 3,60.5,88.5,57.0,78.0,64.0,64.0,64.0,57.0,50.0,50.0
Frege,30,20%,6,40.04,Frege 1,33.5,6.5,44.5,24.5,46.7,47.7,53.5,43.5,50.0,50.0
Frege,30,40%,12,48.9,Frege 2,54.0,26.0,47.5,42.5,70.0,61.5,53.5,34.0,50.0,50.0
Frege,30,60%,18,54.0,Frege 2,44.5,70.0,51.0,56.0,58.0,60.5,57.0,43.0,50.0,50.0
Frege,30,80%,24,61.14,Frege 3,70.2,83.0,60.5,68.0,62.2,60.5,50.0,57.0,50.0,50.0
Frege,30,100%,30,68.65,Russell 1 (Promoted),71.0,100,60.5,81.5,71.0,78.0,60.5,64.0,50.0,50.0
Frege,40,20%,8,37.54,Frege 1,41.7,9.0,38.0,30.0,35.2,44.5,46.5,30.5,50.0,50.0
Frege,40,40%,16,45.69,Frege 2,40.2,37.5,53.5,42.5,45.2,58.0,50.0,30.0,50.0,50.0
Frege,40,60%,24,55.9,Frege 3,43.5,59.5,57.0,63.0,52.5,74.5,60.5,48.5,50.0,50.0
Frege,40,80%,32,66.55,Russell 1 (Promoted),67.5,89.0,60.5,76.5,85.0,74.5,60.5,52.0,50.0,50.0
Frege,40,100%,40,73.2,Russell 1 (Promoted),78.0,100,64.0,95.5,85.0,78.0,64.0,67.5,50.0,50.0
Frege,20,20%,4,43.4,Frege 1,39.0,27.5,45.0,36.5,44.5,48.0,53.5,40.0,50.0,50.0
Frege,20,40%,8,47.79,Frege 2,42.7,48.0,48.5,45.0,45.2,51.0,53.5,44.0,50.0,50.0
Frege,20,60%,12,53.44,Frege 2,55.7,63.5,46.5,42.5,55.2,60.5,57.0,53.5,50.0,50.0
Frege,20,80%,16,57.79,Frege 3,51.2,83.5,53.5,60.5,60.7,60.5,57.0,51.0,50.0,50.0
Frege,20,100%,20,62.25,Frege 3,67.5,85.0,53.5,67.5,64.0,71.0,57.0,57.0,50.0,50.0
Frege,30,20%,6,39.75,Frege 1,42.5,16.5,44.5,26.0,41.0,41.5,50.0,35.5,50.0,50.0
Frege,30,40%,12,46.98,Frege 2,44.5,47.5,47.0,44.0,41.9,49.4,50.0,45.5,50.0,50.0
Frege,30,60%,18,55.1,Frege 3,50.0,64.5,47.0,55.5,58.5,71.5,53.5,50.5,50.0,50.0
Frege,30,80%,24,61.95,Frege 3,65.5,83.0,54.0,67.5,75.0,64.0,50.0,60.5,50.0,50.0
Frege,30,100%,30,67.95,Russell 1 (Promoted),64.0,100,60.5,85.0,71.0,71.0,60.5,67.5,50.0,50.0
Frege,40,20%,8,36.57,Frege 1,40.7,13.5,41.0,7.5,47.1,38.4,57.0,20.5,50.0,50.0
Frege,40,40%,16,46.28,Frege 2,57.0,27.5,47.5,20.0,63.4,52.9,50.0,44.5,50.0,50.0
Frege,40,60%,24,54.65,Frege 2,55.5,58.5,53.5,54.5,57.5,55.0,57.0,55.0,50.0,50.0
Frege,40,80%,32,66.49,Russell 1 (Promoted),69.2,87.0,64.0,79.0,83.2,71.0,53.5,58.0,50.0,50.0
Frege,40,100%,40,72.5,Russell 1 (Promoted),74.5,100,64.0,99.0,71.0,81.5,67.5,67.5,50.0,50.0
Frege,20,20%,4,43.4,Frege 1,46.0,18.5,44.0,35.0,51.0,44.5,53.5,41.5,50.0,50.0
Frege,20,40%,8,47.94,Frege 2,42.2,47.0,53.5,43.0,41.7,53.5,50.0,48.5,50.0,50.0
Frege,20,60%,12,52.94,Frege 2,55.2,54.5,53.5,33.0,62.2,57.0,57.0,57.0,50.0,50.0
Frege,20,80%,16,57.6,Frege 3,53.5,83.0,51.0,65.0,50.0,64.0,57.0,52.5,50.0,50.0
Frege,20,100%,20,63.3,Frege 3,71.0,88.5,57.0,71.0,71.0,64.0,57.0,53.5,50.0,50.0
Frege,30,20%,6,40.13,Frege 1,46.2,15.0,34.0,31.5,49.9,48.2,46.5,30.0,50.0,50.0
Frege,30,40%,12,45.84,Frege 2,47.5,37.5,43.0,36.5,58.2,50.7,57.0,28.0,50.0,50.0
Frege,30,60%,18,53.75,Frege 2,54.5,63.0,47.5,52.5,61.0,57.5,57.0,44.5,50.0,50.0
Frege,30,80%,24,62.4,Frege 3,67.5,66.5,57.0,75.0,85.0,61.0,57.0,55.0,50.0,50.0
Frege,30,100%,30,68.65,Russell 1 (Promoted),74.5,100,57.0,81.5,85.0,67.5,60.5,60.5,50.0,50.0
Frege,40,20%,8,37.82,Frege 1,39.2,0,46.5,24.0,49.1,52.4,46.5,20.5,50.0,50.0
Frege,40,40%,16,47.09,Frege 2,54.0,33.5,48.0,33.5,54.7,48.7,53.5,45.0,50.0,50.0
Frege,40,60%,24,57.15,Frege 3,59.0,60.5,47.0,54.0,75.5,72.0,60.5,43.0,50.0,50.0
Frege,40,80%,32,66.44,Russell 1 (Promoted),78.0,96.5,50.0,70.0,75.2,78.7,60.5,55.5,50.0,50.0
Frege,40,100%,40,73.9,Russell 1 (Promoted),81.5,100,64.0,92.0,85.0,81.5,67.5,67.5,50.0,50.0
Frege,20,20%,4,43.4,Frege 1,44.0,12.0,51.0,32.0,53.5,47.5,50.0,44.0,50.0,50.0
Frege,20,40%,8,47.7,Frege 2,51.0,34.5,51.0,44.5,54.0,50.0,50.0,42.0,50.0,50.0
Frege,20,60%,12,52.75,Frege 2,57.0,64.0,53.5,52.0,57.0,50.0,50.0,44.0,50.0,50.0
Frege,20,80%,16,58.1,Frege 3,67.5,68.5,57.0,68.5,60.5,51.0,53.5,54.5,50.0,50.0
Frege,20,100%,20,61.9,Frege 3,71.0,88.5,57.0,67.5,64.0,60.5,53.5,57.0,50.0,50.0
Frege,30,20%,6,40.78,Frege 1,38.2,7.5,51.0,30.0,43.9,44.2,53.5,39.5,50.0,50.0
Frege,30,40%,12,47.25,Frege 2,56.5,33.5,37.5,39.5,59.0,58.0,53.5,35.0,50.0,50.0
Frege,30,60%,18,56.75,Frege 3,68.0,45.5,51.5,59.5,82.0,68.5,50.0,42.5,50.0,50.0
Frege,30,80%,24,61.8,Frege 3,54.0,90.0,60.5,65.5,68.0,64.0,60.5,55.5,50.0,50.0
Frege,30,100%,30,67.25,Russell 1 (Promoted),67.5,100,57.0,81.5,71.0,67.5,64.0,64.0,50.0,50.0
Frege,40,20%,8,38.39,Frege 1,48.2,0,43.5,18.5,56.2,50.5,39.5,27.5,50.0,50.0
Frege,40,40%,16,47.92,Frege 2,54.2,15.0,61.0,45.0,65.6,52.4,50.0,36.0,50.0,50.0
Frege,40,60%,24,57.25,Frege 3,49.0,47.5,53.5,70.5,68.0,67.5,57.0,59.5,50.0,50.0
Frege,40,80%,32,65.1,Russell 1 (Promoted),53.5,100,50.5,79.0,78.0,75.0,60.5,54.5,50.0,50.0
Frege,40,100%,40,73.2,Russell 1 (Promoted),81.5,100,64.0,88.5,85.0,81.5,64.0,67.5,50.0,50.0
Frege,20,20%,4,43.95,Frege 1,43.0,35.5,48.0,40.0,42.5,40.5,50.0,40.0,50.0,50.0
Frege,20,40%,8,48.44,Frege 2,55.7,42.5,50.0,28.0,62.2,51.0,53.5,41.5,50.0,50.0
Frege,20,60%,12,53.05,Frege 2,60.5,59.0,43.5,39.0,64.0,60.5,53.5,50.5,50.0,50.0
Frege,20,80%,16,57.15,Frege 3,64.5,73.0,57.0,55.5,61.0,53.5,50.0,57.0,50.0,50.0
Frege,20,100%,20,62.6,Frege 3,74.5,85.0,53.5,67.5,71.0,57.0,57.0,60.5,50.0,50.0
Frege,30,20%,6,38.74,Frege 1,35.0,6.5,50.5,37.5,44.2,40.7,46.5,26.5,50.0,50.0
Frege,30,40%,12,48.23,Frege 2,51.7,24.0,60.5,38.5,52.4,50.7,57.0,47.5,50.0,50.0
Frege,30,60%,18,54.03,Frege 2,64.0,78.5,44.5,41.0,51.4,48.4,64.0,48.5,50.0,50.0
Frege,30,80%,24,61.9,Frege 3,74.5,76.5,57.5,67.5,64.0,64.0,60.5,54.5,50.0,50.0
Frege,30,100%,30,67.25,Russell 1 (Promoted),78.0,100,53.5,74.5,78.0,74.5,57.0,57.0,50.0,50.0
Frege,40,20%,8,37.3,Frege 1,35.5,0,54.0,21.0,59.0,44.0,43.0,16.5,50.0,50.0
Frege,40,40%,16,46.5,Frege 2,39.5,33.0,50.5,52.0,44.5,57.5,50.0,38.0,50.0,50.0
Frege,40,60%,24,56.22,Frege 3,47.7,89.0,54.5,52.0,49.1,66.4,64.0,39.5,50.0,50.0
Frege,40,80%,32,66.85,Russell 1 (Promoted),69.0,100,47.0,78.0,75.0,81.5,67.5,50.5,50.0,50.0
Frege,40,100%,40,72.5,Russell 1 (Promoted),78.0,100,64.0,92.0,78.0,85.0,64.0,64.0,50.0,50.0
Russell,20,20%,4,47.92,Russell 2,51.4,49.4,49.0,38.8,44.0,49.6,50.9,46.1,50.0,50.0
Russell,20,40%,8,54.34,Russell 2,57.0,75.2,51.3,46.6,56.5,53.0,52.3,51.5,50.0,50.0
Russell,20,60%,12,58.65,Russell 3,57.0,81.9,48.5,51.4,73.0,59.0,57.0,58.7,50.0,50.0
Russell,20,80%,16,63.5,Russell 3,75.9,100,53.5,62.6,71.0,60.5,53.5,58.0,50.0,50.0
Russell,20,100%,20,66.9,Wittgenstein 1 (Promoted),67.5,100,53.5,64.0,92.0,78.0,50.0,64.0,50.0,50.0
Russell,30,20%,6,46.43,Russell 2,37.4,41.1,47.5,54.6,46.8,47.9,48.8,40.2,50.0,50.0
Russell,30,40%,12,54.68,Russell 2,76.9,71.2,44.7,56.2,51.6,49.1,46.0,51.1,50.0,50.0
Russell,30,60%,18,63.48,Russell 3,49.6,100,50.0,71.5,83.5,72.5,62.6,45.1,50.0,50.0
Russell,30,80%,24,69.29,Wittgenstein 1 (Promoted),56.0,100,48.8,73.5,97.5,90.5,62.6,64.0,50.0,50.0
Russell,30,100%,30,74.0,Wittgenstein 1 (Promoted),85.0,100,50.0,85.0,100,88.5,64.0,67.5,50.0,50.0
Russell,40,20%,8,46.34,Russell 2,50.6,31.9,47.5,35.4,51.3,49.7,55.0,42.0,50.0,50.0
Russell,40,40%,16,55.95,Russell 3,54.1,74.1,48.0,50.2,77.1,66.9,51.0,38.1,50.0,50.0
Russell,40,60%,24,66.61,Wittgenstein 1 (Promoted),74.7,100,52.5,81.9,85.1,79.9,48.8,43.2,50.0,50.0
Russell,40,80%,32,70.06,Wittgenstein 1 (Promoted),76.0,100,51.4,86.7,84.8,71.9,61.9,67.9,50.0,50.0
Russell,40,100%,40,78.9,Wittgenstein 1 (Promoted),99.0,100,53.5,99.0,100,99.0,67.5,71.0,50.0,50.0
Russell,20,20%,4,48.39,Russell 2,41.5,59.8,53.5,46.6,42.2,41.7,51.0,47.6,50.0,50.0
Russell,20,40%,8,53.25,Russell 2,65.4,61.8,50.0,47.0,58.2,50.0,51.5,48.6,50.0,50.0
Russell,20,60%,12,59.45,Russell 3,78.2,82.3,48.0,62.6,62.5,62.5,46.1,52.3,50.0,50.0
Russell,20,80%,16,64.17,Russell 3,64.0,100,50.0,71.0,76.5,72.3,53.5,54.4,50.0,50.0
Russell,20,100%,20,67.95,Wittgenstein 1 (Promoted),81.5,100,53.5,78.0,78.0,71.0,60.5,57.0,50.0,50.0
Russell,30,20%,6,47.68,Russell 2,51.1,34.0,46.0,46.6,57.4,48.0,46.2,47.5,50.0,50.0
Russell,30,40%,12,54.2,Russell 2,53.5,67.9,48.0,61.0,53.2,61.5,48.0,48.9,50.0,50.0
Russell,30,60%,18,64.09,Russell 3,65.5,91.8,51.3,52.0,99.0,80.5,59.1,41.7,50.0,50.0
Russell,30,80%,24,66.51,Wittgenstein 1 (Promoted),85.0,100,53.5,73.6,66.5,69.5,57.9,59.1,50.0,50.0
Russell,30,100%,30,73.2,Wittgenstein 1 (Promoted),92.0,100,53.5,85.0,92.0,88.5,60.5,60.5,50.0,50.0
Russell,40,20%,8,45.67,Russell 2,46.7,16.6,46.5,24.9,70.6,56.9,50.9,43.6,50.0,50.0
Russell,40,40%,16,58.31,Russell 3,66.4,89.1,46.0,56.3,72.4,58.5,47.5,46.9,50.0,50.0
Russell,40,60%,24,65.32,Wittgenstein 1 (Promoted),75.9,100,50.0,69.1,69.0,70.1,57.9,61.2,50.0,50.0
Russell,40,80%,32,73.02,Wittgenstein 1 (Promoted),76.2,100,53.5,93.3,100,85.8,62.6,58.8,50.0,50.0
Russell,40,100%,40,77.85,Wittgenstein 1 (Promoted),95.5,100,53.5,99.0,100,95.5,71.0,64.0,50.0,50.0
Russell,20,20%,4,48.22,Russell 2,43.6,60.6,50.0,47.0,38.6,46.8,46.3,49.3,50.0,50.0
Russell,20,40%,8,53.64,Russell 2,42.7,78.5,48.2,46.9,60.1,48.2,60.5,51.3,50.0,50.0
Russell,20,60%,12,58.75,Russell 3,71.0,71.9,50.0,66.5,62.9,57.2,50.3,57.7,50.0,50.0
Russell,20,80%,16,65.0,Wittgenstein 1 (Promoted),64.0,74.7,49.0,69.0,99.0,73.3,57.0,64.0,50.0,50.0
Russell,20,100%,20,66.55,Wittgenstein 1 (Promoted),81.5,100,53.5,71.0,71.0,67.5,57.0,64.0,50.0,50.0
Russell,30,20%,6,46.42,Russell 2,42.1,51.5,47.5,39.4,45.5,43.0,49.6,45.6,50.0,50.0
Russell,30,40%,12,56.34,Russell 3,63.4,89.0,50.0,57.1,52.3,43.6,57.0,51.0,50.0,50.0
Russell,30,60%,18,63.78,Russell 3,47.0,94.0,53.5,75.8,85.0,81.5,52.1,48.9,50.0,50.0
Russell,30,80%,24,68.17,Wittgenstein 1 (Promoted),82.9,100,53.5,87.7,72.9,64.9,67.5,52.3,50.0,50.0
Russell,30,100%,30,74.25,Wittgenstein 1 (Promoted),81.5,100,53.5,95.5,99.0,81.5,64.0,67.5,50.0,50.0
Russell,40,20%,8,46.23,Russell 2,39.1,42.7,46.7,30.5,57.0,46.4,55.6,44.3,50.0,50.0
Russell,40,40%,16,55.84,Russell 3,71.8,84.2,51.4,65.8,35.6,45.3,45.7,58.6,50.0,50.0
Russell,40,60%,24,66.37,Wittgenstein 1 (Promoted),75.9,100,50.0,80.6,80.6,63.7,64.0,48.9,50.0,50.0
Russell,40,80%,32,71.45,Wittgenstein 1 (Promoted),82.9,100,52.3,99.0,80.5,80.4,58.0,61.4,50.0,50.0
Russell,40,100%,40,76.9,Wittgenstein 1 (Promoted),85.0,100,53.5,99.0,100,100,67.5,64.0,50.0,50.0
Russell,20,20%,4,48.1,Russell 2,40.1,38.8,52.0,44.3,59.5,52.9,48.8,44.6,50.0,50.0
Russell,20,40%,8,52.79,Russell 2,58.7,50.1,49.5,61.6,60.7,51.6,50.7,45.0,50.0,50.0
Russell,20,60%,12,58.67,Russell 3,65.4,79.6,53.5,44.3,71.0,60.5,60.5,51.9,50.0,50.0
Russell,20,80%,16,62.68,Russell 3,60.5,100,50.0,71.7,73.2,64.5,57.0,49.9,50.0,50.0
Russell,20,100%,20,67.7,Wittgenstein 1 (Promoted),64.0,100,50.0,67.5,100,78.0,64.0,53.5,50.0,50.0
Russell,30,20%,6,46.89,Russell 2,53.7,36.2,46.0,31.8,59.0,50.5,44.7,47.0,50.0,50.0
Russell,30,40%,12,55.35,Russell 3,65.4,61.6,45.2,65.0,63.4,54.3,52.2,46.4,50.0,50.0
Russell,30,60%,18,63.48,Russell 3,44.7,89.1,48.5,62.6,89.0,77.3,62.6,61.0,50.0,50.0
Russell,30,80%,24,67.56,Wittgenstein 1 (Promoted),64.5,100,50.0,66.5,92.0,78.0,67.5,57.1,50.0,50.0
Russell,30,100%,30,72.95,Wittgenstein 1 (Promoted),78.0,100,53.5,85.0,100,92.0,57.0,64.0,50.0,50.0
Russell,40,20%,8,45.15,Russell 2,48.1,15.7,48.0,40.2,54.2,52.5,46.8,46.0,50.0,50.0
Russell,40,40%,16,56.43,Russell 3,70.9,46.3,46.0,59.6,75.5,56.6,59.1,50.3,50.0,50.0
Russell,40,60%,24,66.13,Wittgenstein 1 (Promoted),59.8,100,50.0,69.8,92.6,78.4,57.0,53.7,50.0,50.0
Russell,40,80%,32,73.18,Wittgenstein 1 (Promoted),90.0,100,53.5,88.2,92.4,87.9,55.8,64.0,50.0,50.0
Russell,40,100%,40,77.7,Wittgenstein 1 (Promoted),92.0,100,50.0,100,100,100,67.5,67.5,50.0,50.0
Russell,20,20%,4,46.95,Russell 2,49.4,23.6,49.0,44.7,58.6,55.1,47.5,41.6,50.0,50.0
Russell,20,40%,8,53.46,Russell 2,63.2,63.8,47.0,52.3,54.6,49.5,55.8,48.4,50.0,50.0
Russell,20,60%,12,59.17,Russell 3,56.4,96.3,50.0,56.1,61.0,59.3,54.5,58.1,50.0,50.0
Russell,20,80%,16,64.4,Russell 3,71.0,100,50.0,65.5,75.9,73.1,57.0,51.5,50.0,50.0
Russell,20,100%,20,67.25,Wittgenstein 1 (Promoted),67.5,100,50.0,67.5,92.0,78.0,60.5,57.0,50.0,50.0
Russell,30,20%,6,46.8,Russell 2,57.5,40.7,47.2,47.0,42.8,48.1,44.7,40.0,50.0,50.0
Russell,30,40%,12,55.63,Russell 3,54.8,74.8,43.2,48.2,74.4,59.4,49.3,52.2,50.0,50.0
Russell,30,60%,18,63.06,Russell 3,56.4,100,46.7,88.6,67.5,58.8,57.0,55.6,50.0,50.0
Russell,30,80%,24,69.49,Wittgenstein 1 (Promoted),78.0,100,53.5,73.1,88.4,80.0,60.5,61.4,50.0,50.0
Russell,30,100%,30,73.2,Wittgenstein 1 (Promoted),74.5,100,50.0,95.5,92.0,95.5,64.0,60.5,50.0,50.0
Russell,40,20%,8,46.23,Russell 2,45.2,36.5,45.0,31.7,62.1,52.9,47.4,41.5,50.0,50.0
Russell,40,40%,16,55.81,Russell 3,52.6,94.8,44.7,63.4,51.5,52.0,51.0,48.1,50.0,50.0
Russell,40,60%,24,67.96,Wittgenstein 1 (Promoted),60.9,100,51.0,74.3,100,82.7,64.0,46.7,50.0,50.0
Russell,40,80%,32,72.06,Wittgenstein 1 (Promoted),82.9,100,53.5,76.2,97.5,87.5,60.5,62.5,50.0,50.0
Russell,40,100%,40,77.95,Wittgenstein 1 (Promoted),85.0,100,53.5,99.0,100,100,71.0,71.0,50.0,50.0
Wittgenstein,20,20%,4,49.17,Wittgenstein 2,51.6,55.6,48.5,45.9,45.4,46.7,51.3,46.7,50.0,50.0
Wittgenstein,20,40%,8,54.05,Wittgenstein 2,57.1,63.8,57.0,49.6,54.0,51.5,60.5,47.0,50.0,50.0
Wittgenstein,20,60%,12,60.42,Wittgenstein 3,60.7,80.9,50.0,47.2,82.9,66.1,71.0,45.4,50.0,50.0
Wittgenstein,20,80%,16,65.01,Wittgenstein 3 (Mastery),64.0,88.5,64.0,64.8,76.5,63.0,74.5,54.8,50.0,50.0
Wittgenstein,20,100%,20,71.0,Wittgenstein 3 (Mastery),67.5,92.0,57.0,92.0,85.0,67.5,71.0,78.0,50.0,50.0
Wittgenstein,30,20%,6,49.07,Wittgenstein 2,48.4,48.7,48.8,46.2,52.8,49.2,43.3,53.3,50.0,50.0
Wittgenstein,30,40%,12,56.53,Wittgenstein 3,66.0,82.5,47.6,42.9,57.4,52.1,66.8,50.0,50.0,50.0
Wittgenstein,30,60%,18,65.23,Wittgenstein 3 (Mastery),78.0,90.1,62.8,72.9,66.7,56.1,63.0,62.7,50.0,50.0
Wittgenstein,30,80%,24,72.82,Wittgenstein 3 (Mastery),81.5,100,57.0,85.8,92.0,71.0,69.8,71.1,50.0,50.0
Wittgenstein,30,100%,30,77.05,Wittgenstein 3 (Mastery),78.0,100,57.0,99.0,99.0,74.5,81.5,81.5,50.0,50.0
Wittgenstein,40,20%,8,49.0,Wittgenstein 2,55.7,47.0,47.4,35.6,58.2,51.3,48.2,46.6,50.0,50.0
Wittgenstein,40,40%,16,58.95,Wittgenstein 3,52.1,78.4,57.0,59.5,60.2,53.3,60.8,68.2,50.0,50.0
Wittgenstein,40,60%,24,70.22,Wittgenstein 3 (Mastery),88.8,98.3,64.0,78.1,84.5,65.3,58.4,64.8,50.0,50.0
Wittgenstein,40,80%,32,76.18,Wittgenstein 3 (Mastery),89.1,100,57.0,100,89.0,69.0,70.6,87.1,50.0,50.0
Wittgenstein,40,100%,40,82.5,Wittgenstein 3 (Mastery),88.5,100,64.0,100,100,85.0,88.5,99.0,50.0,50.0
Wittgenstein,20,20%,4,49.5,Wittgenstein 2,48.6,55.3,50.0,44.7,50.4,48.6,48.6,48.8,50.0,50.0
Wittgenstein,20,40%,8,54.77,Wittgenstein 2,62.6,76.0,50.0,40.3,58.6,53.4,58.4,48.4,50.0,50.0
Wittgenstein,20,60%,12,60.18,Wittgenstein 3,52.0,73.4,64.0,63.5,69.2,59.3,70.0,50.4,50.0,50.0
Wittgenstein,20,80%,16,65.7,Wittgenstein 3 (Mastery),71.0,83.5,50.0,85.2,76.2,62.8,60.5,67.8,50.0,50.0
Wittgenstein,20,100%,20,70.75,Wittgenstein 3 (Mastery),85.0,100,64.0,81.5,78.0,64.0,64.0,71.0,50.0,50.0
Wittgenstein,30,20%,6,48.32,Wittgenstein 2,48.1,38.2,50.0,48.7,54.6,49.9,43.7,50.0,50.0,50.0
Wittgenstein,30,40%,12,56.91,Wittgenstein 3,67.0,61.0,46.2,58.9,65.4,56.6,55.5,58.5,50.0,50.0
Wittgenstein,30,60%,18,65.0,Wittgenstein 3 (Mastery),62.6,99.2,57.0,83.6,56.5,51.8,55.4,83.9,50.0,50.0
Wittgenstein,30,80%,24,71.87,Wittgenstein 3 (Mastery),67.7,100,55.5,85.5,89.9,69.6,77.0,73.5,50.0,50.0
Wittgenstein,30,100%,30,76.8,Wittgenstein 3 (Mastery),88.5,100,57.0,88.5,100,78.0,81.5,74.5,50.0,50.0
Wittgenstein,40,20%,8,48.36,Wittgenstein 2,37.7,19.8,48.6,55.0,71.6,58.4,43.7,48.8,50.0,50.0
Wittgenstein,40,40%,16,59.46,Wittgenstein 3,53.6,69.0,55.2,58.0,74.2,60.3,65.2,59.1,50.0,50.0
Wittgenstein,40,60%,24,68.67,Wittgenstein 3 (Mastery),64.2,59.0,62.8,89.1,100,77.0,67.5,67.1,50.0,50.0
Wittgenstein,40,80%,32,76.21,Wittgenstein 3 (Mastery),87.0,100,55.6,77.1,100,78.4,81.5,82.5,50.0,50.0
Wittgenstein,40,100%,40,82.85,Wittgenstein 3 (Mastery),95.5,100,64.0,100,100,85.0,92.0,92.0,50.0,50.0
Wittgenstein,20,20%,4,49.33,Wittgenstein 2,45.0,54.7,47.6,46.4,51.9,49.6,47.6,50.5,50.0,50.0
Wittgenstein,20,40%,8,54.05,Wittgenstein 2,50.5,65.0,50.0,56.8,55.5,52.5,61.9,48.3,50.0,50.0
Wittgenstein,20,60%,12,60.11,Wittgenstein 3,69.5,82.0,55.5,64.2,57.4,52.2,63.0,57.3,50.0,50.0
Wittgenstein,20,80%,16,65.9,Wittgenstein 3 (Mastery),64.0,62.1,55.8,94.5,85.0,67.5,59.1,71.0,50.0,50.0
Wittgenstein,20,100%,20,70.05,Wittgenstein 3 (Mastery),81.5,100,50.0,88.5,73.1,61.9,67.5,78.0,50.0,50.0
Wittgenstein,30,20%,6,49.22,Wittgenstein 2,48.4,48.7,47.3,45.8,54.4,50.6,51.5,45.5,50.0,50.0
Wittgenstein,30,40%,12,56.81,Wittgenstein 3,58.0,89.0,48.2,52.6,61.6,53.4,50.6,54.7,50.0,50.0
Wittgenstein,30,60%,18,64.83,Wittgenstein 3,85.0,63.4,61.4,67.5,89.9,69.6,59.9,51.6,50.0,50.0
Wittgenstein,30,80%,24,72.38,Wittgenstein 3 (Mastery),69.2,96.3,55.5,100,90.5,70.0,66.5,75.8,50.0,50.0
Wittgenstein,30,100%,30,77.4,Wittgenstein 3 (Mastery),92.0,100,64.0,99.0,85.0,67.5,81.5,85.0,50.0,50.0
Wittgenstein,40,20%,8,48.2,Wittgenstein 2,55.7,27.5,55.6,38.5,58.6,52.0,53.3,40.8,50.0,50.0
Wittgenstein,40,40%,16,59.4,Wittgenstein 3,45.4,58.7,57.0,93.2,51.5,48.0,66.5,73.7,50.0,50.0
Wittgenstein,40,60%,24,68.65,Wittgenstein 3 (Mastery),57.2,100,55.2,84.6,84.4,65.6,67.7,71.8,50.0,50.0
Wittgenstein,40,80%,32,77.65,Wittgenstein 3 (Mastery),95.5,100,55.6,89.6,100,75.3,78.0,82.5,50.0,50.0
Wittgenstein,40,100%,40,81.94,Wittgenstein 3 (Mastery),95.5,100,57.0,100,100,89.9,92.0,85.0,50.0,50.0
Wittgenstein,20,20%,4,49.11,Wittgenstein 2,44.9,34.8,48.6,49.7,65.4,56.6,43.6,47.5,50.0,50.0
Wittgenstein,20,40%,8,54.29,Wittgenstein 2,65.4,55.4,48.6,52.7,59.8,54.2,57.1,49.7,50.0,50.0
Wittgenstein,20,60%,12,60.23,Wittgenstein 3,68.9,75.0,57.0,78.2,50.1,48.9,50.7,73.5,50.0,50.0
Wittgenstein,20,80%,16,65.73,Wittgenstein 3 (Mastery),81.5,93.5,50.0,92.0,52.8,50.5,66.0,71.0,50.0,50.0
Wittgenstein,20,100%,20,68.3,Wittgenstein 3 (Mastery),64.0,81.5,50.0,100,80.1,65.4,57.0,85.0,50.0,50.0
Wittgenstein,30,20%,6,48.91,Wittgenstein 2,47.2,53.8,50.0,51.4,43.6,44.2,49.1,49.8,50.0,50.0
Wittgenstein,30,40%,12,56.72,Wittgenstein 3,50.1,60.6,62.8,60.1,59.9,53.1,55.2,65.4,50.0,50.0
Wittgenstein,30,60%,18,64.57,Wittgenstein 3,60.1,83.5,48.6,72.4,90.8,70.2,56.4,63.7,50.0,50.0
Wittgenstein,30,80%,24,71.58,Wittgenstein 3 (Mastery),70.9,100,48.5,80.5,99.3,74.7,72.3,69.6,50.0,50.0
Wittgenstein,30,100%,30,77.4,Wittgenstein 3 (Mastery),81.5,100,57.0,95.5,99.0,74.5,81.5,85.0,50.0,50.0
Wittgenstein,40,20%,8,48.29,Wittgenstein 2,52.1,57.1,48.6,36.4,38.8,40.7,57.1,52.1,50.0,50.0
Wittgenstein,40,40%,16,59.66,Wittgenstein 3,62.1,78.3,64.0,47.6,67.8,56.7,70.3,49.8,50.0,50.0
Wittgenstein,40,60%,24,69.05,Wittgenstein 3 (Mastery),63.8,89.7,64.0,81.8,88.7,68.8,60.9,72.8,50.0,50.0
Wittgenstein,40,80%,32,78.37,Wittgenstein 3 (Mastery),95.5,100,53.4,100,95.8,72.2,79.7,87.1,50.0,50.0
Wittgenstein,40,100%,40,82.29,Wittgenstein 3 (Mastery),92.0,100,64.0,100,100,79.4,88.5,99.0,50.0,50.0
Wittgenstein,20,20%,4,49.65,Wittgenstein 2,52.2,40.8,46.7,65.5,44.6,46.4,44.4,55.9,50.0,50.0
Wittgenstein,20,40%,8,54.73,Wittgenstein 2,55.2,56.1,48.2,65.3,62.2,55.8,45.9,58.6,50.0,50.0
Wittgenstein,20,60%,12,60.6,Wittgenstein 3,63.9,68.7,50.0,63.8,71.0,60.5,61.6,66.5,50.0,50.0
Wittgenstein,20,80%,16,64.8,Wittgenstein 3,57.0,86.4,48.2,61.0,100,75.9,62.8,56.7,50.0,50.0
Wittgenstein,20,100%,20,69.35,Wittgenstein 3 (Mastery),60.5,100,57.0,85.0,71.0,60.5,88.5,71.0,50.0,50.0
Wittgenstein,30,20%,6,48.85,Wittgenstein 2,39.6,44.8,55.6,60.9,38.7,42.3,55.0,51.6,50.0,50.0
Wittgenstein,30,40%,12,57.06,Wittgenstein 3,65.9,55.8,57.0,61.4,64.3,55.8,57.1,53.3,50.0,50.0
Wittgenstein,30,60%,18,65.08,Wittgenstein 3 (Mastery),74.5,61.7,64.0,74.4,90.5,70.0,58.7,57.0,50.0,50.0
Wittgenstein,30,80%,24,71.73,Wittgenstein 3 (Mastery),79.7,100,50.0,81.7,88.4,68.6,76.6,72.3,50.0,50.0
Wittgenstein,30,100%,30,77.5,Wittgenstein 3 (Mastery),88.5,100,64.0,100,87.1,68.9,81.5,85.0,50.0,50.0
Wittgenstein,40,20%,8,48.49,Wittgenstein 2,50.3,49.6,46.8,30.3,59.5,52.1,63.9,32.4,50.0,50.0
Wittgenstein,40,40%,16,59.84,Wittgenstein 3,65.1,62.7,52.6,76.4,69.8,58.1,54.4,59.3,50.0,50.0
Wittgenstein,40,60%,24,70.21,Wittgenstein 3 (Mastery),50.2,88.8,55.6,100,93.9,70.6,61.8,81.2,50.0,50.0
Wittgenstein,40,80%,32,76.26,Wittgenstein 3 (Mastery),90.6,100,50.0,100,97.2,73.3,69.7,81.8,50.0,50.0
Wittgenstein,40,100%,40,82.64,Wittgenstein 3 (Mastery),95.5,100,64.0,100,100,79.4,99.0,88.5,50.0,50.0
