GRAM_PH_CHANGE	theme	GRAM_PHONOLOGY	음운의 변동
LIT_CL_HERO	theme	LIT_CLASSIC_PROSE	영웅 서사
LIT_CP_NATURE_FRIEND	theme	LIT_CLASSIC_POETRY	자연 친화/풍류
LIT_DR_FAMILY	theme	LIT_DRAMA	가족/세대
LIT_ES_NATURE	theme	LIT_ESSAY	자연/계절
LIT_MN_COLONIAL	theme	LIT_MODERN_NOVEL	일제 강점/식민지 현실
LIT_MP_NATURE	theme	LIT_MODERN_POETRY	자연/생명
MEDIA_T_ENV	theme	MEDIA	환경·기후
READ_ART_MUS_CLASSIC	theme	READ_ART	클래식
READ_HUM_E_HUNDRED	theme	READ_HUMANITIES	제자백가
READ_SCI_PHY_MECH	theme	READ_SCIENCE	역학
READ_SOC_ECON_MICRO	theme	READ_SOCIETY	미시경제
READ_TECH_ICT_AI	theme	READ_TECH	AI·머신러닝
SPEAK_T_ENV	theme	SPEAK	환경·기후
WRITE_T_ENV	theme	WRITE	환경·기후
GRAM_PH_SYSTEM	theme	GRAM_PHONOLOGY	음운의 체계
LIT_CL_SATIRE	theme	LIT_CLASSIC_PROSE	풍자/세태 비판
LIT_CP_LOVE_LONGING	theme	LIT_CLASSIC_POETRY	임에 대한 사랑/그리움
LIT_DR_SOCIETY	theme	LIT_DRAMA	사회 부조리
LIT_ES_INSIGHT	theme	LIT_ESSAY	일상의 깨달음
LIT_MN_DIVISION	theme	LIT_MODERN_NOVEL	분단/이산가족
LIT_MP_LOVE	theme	LIT_MODERN_POETRY	사랑/이별
MEDIA_T_EDU	theme	MEDIA	교육·학습
READ_ART_MUS_POP	theme	READ_ART	대중음악
READ_HUM_E_CONFUCIAN	theme	READ_HUMANITIES	유학 (공·맹·순)
READ_SCI_PHY_EM	theme	READ_SCIENCE	전자기·광학
READ_SOC_ECON_MACRO	theme	READ_SOCIETY	거시경제
READ_TECH_ICT_NET	theme	READ_TECH	네트워크
SPEAK_T_EDU	theme	SPEAK	교육·학습
WRITE_T_EDU	theme	WRITE	교육·학습
GRAM_PH_PRONUNCIATION	theme	GRAM_PHONOLOGY	발음/표준 발음법
LIT_CL_BIOGRAPHY	theme	LIT_CLASSIC_PROSE	가전/전
LIT_CP_LOYALTY	theme	LIT_CLASSIC_POETRY	충/효
LIT_DR_HISTORY	theme	LIT_DRAMA	역사/시대
LIT_ES_LIFE	theme	LIT_ESSAY	인생/노년
LIT_MN_MODERNIZATION	theme	LIT_MODERN_NOVEL	근대화/도시화
LIT_MP_LONGING	theme	LIT_MODERN_POETRY	그리움/향수
MEDIA_T_TECH	theme	MEDIA	기술·AI·과학
READ_ART_MUS_KOREAN	theme	READ_ART	국악
READ_HUM_E_NEOCONFUCIAN	theme	READ_HUMANITIES	성리학 (주자학·이기론)
READ_SCI_PHY_QUANTUM	theme	READ_SCIENCE	양자·상대성
READ_SOC_ECON_MONEY	theme	READ_SOCIETY	화폐·금융·자본시장
READ_TECH_ICT_SEC	theme	READ_TECH	정보보안
SPEAK_T_TECH	theme	SPEAK	기술·AI·과학
WRITE_T_TECH	theme	WRITE	기술·AI·과학
GRAM_PH_HISTORY	theme	GRAM_PHONOLOGY	음운사
LIT_CL_TALE	theme	LIT_CLASSIC_PROSE	전기/설화
LIT_CP_REMINISCENCE	theme	LIT_CLASSIC_POETRY	회고/우국
LIT_DR_RELATION	theme	LIT_DRAMA	인간 관계/소통
LIT_ES_FAMILY	theme	LIT_ESSAY	가족/추억
LIT_MN_FAMILY	theme	LIT_MODERN_NOVEL	가족/세대 갈등
LIT_MP_LIFE	theme	LIT_MODERN_POETRY	일상/삶의 성찰
MEDIA_T_SOCIAL	theme	MEDIA	사회 이슈·시사
READ_ART_MUS_THEORY	theme	READ_ART	음악사·이론
READ_HUM_E_YANGMING	theme	READ_HUMANITIES	양명학
READ_SCI_PHY_THERMO	theme	READ_SCIENCE	열역학
READ_SOC_ECON_INTL	theme	READ_SOCIETY	국제경제·무역
READ_TECH_ICT_DATA	theme	READ_TECH	데이터·DB
SPEAK_T_SOCIAL	theme	SPEAK	사회 이슈·시사
WRITE_T_SOCIAL	theme	WRITE	사회 이슈·시사
LIT_CL_FAMILY	theme	LIT_CLASSIC_PROSE	가정 갈등
LIT_CP_SATIRE	theme	LIT_CLASSIC_POETRY	풍자/현실 비판
LIT_DR_TRAGICOMIC	theme	LIT_DRAMA	비극/희극
LIT_ES_SOCIETY	theme	LIT_ESSAY	사회 관찰
LIT_MN_LABOR	theme	LIT_MODERN_NOVEL	노동/가난
LIT_MP_RESISTANCE	theme	LIT_MODERN_POETRY	사회 비판/저항
MEDIA_T_CULTURE	theme	MEDIA	문화·예술
READ_HUM_E_OTHER	theme	READ_HUMANITIES	기타 동양사상
READ_SCI_PHY_OTHER	theme	READ_SCIENCE	기타 물리
READ_SOC_ECON_THEORY	theme	READ_SOCIETY	경제이론·사상
READ_TECH_ICT_SW	theme	READ_TECH	소프트웨어
SPEAK_T_CULTURE	theme	SPEAK	문화·예술
WRITE_T_CULTURE	theme	WRITE	문화·예술
LIT_CL_WAR	theme	LIT_CLASSIC_PROSE	군담/전쟁
LIT_CP_LESSON	theme	LIT_CLASSIC_POETRY	권농/교훈
LIT_DR_FORM	theme	LIT_DRAMA	시나리오/희곡 형식
LIT_ES_ART	theme	LIT_ESSAY	예술/문화 단상
LIT_MN_MINORITY	theme	LIT_MODERN_NOVEL	여성/소수자
LIT_MP_REALITY	theme	LIT_MODERN_POETRY	현실 인식
MEDIA_T_ETHICS	theme	MEDIA	윤리·가치관
READ_SOC_ECON_LABOR	theme	READ_SOCIETY	노동·복지·분배
SPEAK_T_ETHICS	theme	SPEAK	윤리·가치관
WRITE_T_ETHICS	theme	WRITE	윤리·가치관
LIT_CL_CLASS	theme	LIT_CLASSIC_PROSE	신분 제약/신분 상승
LIT_CP_PARTING	theme	LIT_CLASSIC_POETRY	이별/이산
LIT_ES_PHIL	theme	LIT_ESSAY	철학적 사색
LIT_MN_WAR	theme	LIT_MODERN_NOVEL	전쟁의 상흔
LIT_MP_DEATH	theme	LIT_MODERN_POETRY	죽음/존재
MEDIA_T_RELATION	theme	MEDIA	인간관계·소통
READ_SOC_ECON_HISTORY	theme	READ_SOCIETY	경제사·산업사
SPEAK_T_RELATION	theme	SPEAK	인간관계·소통
WRITE_T_RELATION	theme	WRITE	인간관계·소통
LIT_CL_YADAM	theme	LIT_CLASSIC_PROSE	야담
LIT_CP_SEONBI	theme	LIT_CLASSIC_POETRY	선비 정신/도학
LIT_ES_TRAVEL	theme	LIT_ESSAY	여행/공간
LIT_MN_GROWTH	theme	LIT_MODERN_NOVEL	성장/입사
LIT_MP_RELIGION	theme	LIT_MODERN_POETRY	종교/구원
MEDIA_T_FAMILY	theme	MEDIA	가족
READ_SOC_ECON_OTHER	theme	READ_SOCIETY	기타 경제
SPEAK_T_FAMILY	theme	SPEAK	가족
WRITE_T_FAMILY	theme	WRITE	가족
LIT_MN_CHARACTER	theme	LIT_MODERN_NOVEL	인물 탐구
LIT_MP_FAMILY	theme	LIT_MODERN_POETRY	모성/혈연
MEDIA_T_SCHOOL	theme	MEDIA	학교생활
SPEAK_T_SCHOOL	theme	SPEAK	학교생활
WRITE_T_SCHOOL	theme	WRITE	학교생활
LIT_MN_FANTASY	theme	LIT_MODERN_NOVEL	환상/실험
LIT_MP_URBAN	theme	LIT_MODERN_POETRY	도시/문명
MEDIA_T_TEEN	theme	MEDIA	청소년 문제
SPEAK_T_TEEN	theme	SPEAK	청소년 문제
WRITE_T_TEEN	theme	WRITE	청소년 문제
GRAM_WD_MORPHEME	theme	GRAM_WORD	형태소·단어
MEDIA_T_CAREER	theme	MEDIA	진로·직업
READ_ART_FA_PAINT	theme	READ_ART	회화
READ_HUM_K_SILHAK	theme	READ_HUMANITIES	조선 실학
READ_SCI_CHEM_ATOMIC	theme	READ_SCIENCE	원자·분자
READ_SOC_LAW_PHIL	theme	READ_SOCIETY	법철학·법사상
READ_TECH_EL_SEMI	theme	READ_TECH	반도체
SPEAK_T_CAREER	theme	SPEAK	진로·직업
WRITE_T_CAREER	theme	WRITE	진로·직업
GRAM_WD_POS	theme	GRAM_WORD	품사
MEDIA_T_HEALTH	theme	MEDIA	건강·의료
READ_ART_FA_SCULPT	theme	READ_ART	조각
READ_HUM_K_DONGHAK	theme	READ_HUMANITIES	동학·근대 한국사상
READ_SCI_CHEM_REACTION	theme	READ_SCIENCE	화학 반응
READ_SOC_LAW_LOGIC	theme	READ_SOCIETY	법논리·법해석
READ_TECH_EL_CIRCUIT	theme	READ_TECH	회로
SPEAK_T_HEALTH	theme	SPEAK	건강·의료
WRITE_T_HEALTH	theme	WRITE	건강·의료
GRAM_WD_FORMATION	theme	GRAM_WORD	단어 형성
MEDIA_T_ECON	theme	MEDIA	경제·소비
READ_ART_FA_HISTORY	theme	READ_ART	미술사
READ_HUM_K_MODERN	theme	READ_HUMANITIES	한국 근현대 사상
READ_SCI_CHEM_ORGANIC	theme	READ_SCIENCE	유기화학
READ_SOC_LAW_CONST	theme	READ_SOCIETY	헌법
READ_TECH_EL_COMM	theme	READ_TECH	통신·신호
SPEAK_T_ECON	theme	SPEAK	경제·소비
WRITE_T_ECON	theme	WRITE	경제·소비
GRAM_WD_SEMANTIC	theme	GRAM_WORD	어휘 의미 관계
MEDIA_T_GLOBAL	theme	MEDIA	국제·세계화
READ_ART_FA_OTHER	theme	READ_ART	기타 미술
READ_HUM_K_OTHER	theme	READ_HUMANITIES	기타 한국사상
READ_SCI_CHEM_OTHER	theme	READ_SCIENCE	기타 화학
READ_SOC_LAW_CIVIL	theme	READ_SOCIETY	민법
READ_TECH_EL_POWER	theme	READ_TECH	전력·발전
SPEAK_T_GLOBAL	theme	SPEAK	국제·세계화
WRITE_T_GLOBAL	theme	WRITE	국제·세계화
GRAM_WD_LEXICOLOGY	theme	GRAM_WORD	어휘론
MEDIA_T_HISTORY	theme	MEDIA	역사·전통
READ_SOC_LAW_CRIMINAL	theme	READ_SOCIETY	형법
SPEAK_T_HISTORY	theme	SPEAK	역사·전통
WRITE_T_HISTORY	theme	WRITE	역사·전통
MEDIA_T_LIFE	theme	MEDIA	일상·생활
READ_SOC_LAW_ADMIN	theme	READ_SOCIETY	행정법
SPEAK_T_LIFE	theme	SPEAK	일상·생활
WRITE_T_LIFE	theme	WRITE	일상·생활
MEDIA_T_NATURE	theme	MEDIA	자연·생명
READ_SOC_LAW_SOCIAL	theme	READ_SOCIETY	사회법
SPEAK_T_NATURE	theme	SPEAK	자연·생명
WRITE_T_NATURE	theme	WRITE	자연·생명
READ_SOC_LAW_INTL	theme	READ_SOCIETY	국제법
READ_SOC_LAW_PROCEDURE	theme	READ_SOCIETY	사법제도·재판절차
READ_SOC_LAW_HISTORY	theme	READ_SOCIETY	법사·법제도사
GRAM_SE_COMPONENT	theme	GRAM_SENTENCE	문장 성분
MEDIA_T_LITERACY	theme	MEDIA	미디어 리터러시
READ_ART_DANCE_BALLET	theme	READ_ART	발레
READ_HUM_W_EPISTEM	theme	READ_HUMANITIES	인식론
READ_SCI_BIO_CELL	theme	READ_SCIENCE	세포·유전
READ_SOC_GEN_SOCIOL	theme	READ_SOCIETY	사회학
READ_TECH_MECH_AUTO	theme	READ_TECH	자동차
GRAM_SE_STRUCTURE	theme	GRAM_SENTENCE	문장 구조
MEDIA_T_AD_CONSUMER	theme	MEDIA	광고·소비
READ_ART_DANCE_MODERN	theme	READ_ART	현대무용
READ_HUM_W_ONTOL	theme	READ_HUMANITIES	존재론·형이상학
READ_SCI_BIO_EVOLUTION	theme	READ_SCIENCE	진화
READ_SOC_GEN_CULTURE	theme	READ_SOCIETY	문화
READ_TECH_MECH_AERO	theme	READ_TECH	항공·우주
GRAM_SE_TENSE	theme	GRAM_SENTENCE	시제·상·서법
MEDIA_T_FAKE_NEWS	theme	MEDIA	가짜뉴스
READ_ART_DANCE_KOREAN	theme	READ_ART	한국무용
READ_HUM_W_ETHICS	theme	READ_HUMANITIES	윤리학·가치론
READ_SCI_BIO_PHYSIOL	theme	READ_SCIENCE	생리
READ_SOC_GEN_FAMILY	theme	READ_SOCIETY	가족·인구
READ_TECH_MECH_ROBOT	theme	READ_TECH	로봇
GRAM_SE_VOICE	theme	GRAM_SENTENCE	능동·피동
READ_ART_DANCE_HISTORY	theme	READ_ART	무용사
READ_HUM_W_POLITICS	theme	READ_HUMANITIES	정치·사회철학
READ_SCI_BIO_ECOLOGY	theme	READ_SCIENCE	생태계
READ_SOC_GEN_CHANGE	theme	READ_SOCIETY	사회 변동
READ_TECH_MECH_MFG	theme	READ_TECH	제조·소재
GRAM_SE_CAUSATIVE	theme	GRAM_SENTENCE	사동·주동
READ_HUM_W_AESTHETIC	theme	READ_HUMANITIES	미학·예술철학
READ_SCI_BIO_OTHER	theme	READ_SCIENCE	기타 생명과학
READ_SOC_GEN_OTHER	theme	READ_SOCIETY	기타 사회
GRAM_SE_NEGATION	theme	GRAM_SENTENCE	부정 표현
READ_HUM_W_LOGIC	theme	READ_HUMANITIES	논리학·과학철학
GRAM_SE_QUOTATION	theme	GRAM_SENTENCE	인용
READ_HUM_W_LANG	theme	READ_HUMANITIES	언어·종교철학
READ_HUM_W_OTHER	theme	READ_HUMANITIES	기타 서양철학
GRAM_DS_STRUCTURE	theme	GRAM_DISCOURSE	담화 구조
READ_ART_FORM_DESIGN	theme	READ_ART	디자인
READ_HUM_KH_POLITICS	theme	READ_HUMANITIES	한국 정치사
READ_SCI_AST_SOLAR	theme	READ_SCIENCE	태양계
READ_SOC_GEO_NATURE	theme	READ_SOCIETY	자연지리
READ_TECH_MED_DRUG	theme	READ_TECH	약물·치료법
GRAM_DS_REFERENCE	theme	GRAM_DISCOURSE	지시·대용·접속
READ_ART_FORM_CRAFT	theme	READ_ART	공예
READ_HUM_KH_ECONOMY	theme	READ_HUMANITIES	한국 경제사
READ_SCI_AST_GALAXY	theme	READ_SCIENCE	별·은하
READ_SOC_GEO_HUMAN	theme	READ_SOCIETY	인문지리
READ_TECH_MED_DIAG	theme	READ_TECH	진단·검사
GRAM_DS_CONTEXT	theme	GRAM_DISCOURSE	발화·맥락
READ_ART_FORM_PHOTO	theme	READ_ART	사진·영상
READ_HUM_KH_THOUGHT	theme	READ_HUMANITIES	한국 사상사
READ_SCI_AST_COSMO	theme	READ_SCIENCE	우주론
READ_SOC_GEO_URBAN	theme	READ_SOCIETY	도시·촌락
READ_TECH_MED_DEVICE	theme	READ_TECH	의료기기
GRAM_DS_COHESION	theme	GRAM_DISCOURSE	응집성과 통일성
READ_ART_FORM_OTHER	theme	READ_ART	기타 조형
READ_HUM_KH_CULTURE	theme	READ_HUMANITIES	한국 문화·예술사
READ_SOC_GEO_ENV	theme	READ_SOCIETY	환경·기후
READ_TECH_MED_PUBLIC	theme	READ_TECH	공중보건·역학
READ_HUM_KH_LIFE	theme	READ_HUMANITIES	한국 생활·풍속사
READ_TECH_MED_OTHER	theme	READ_TECH	기타 의약학
GRAM_HS_HUNMIN	theme	GRAM_HISTORY	훈민정음
READ_HUM_WH_POLITICS	theme	READ_HUMANITIES	세계 정치·외교사
READ_SCI_EAR_GEOLOGY	theme	READ_SCIENCE	지질
READ_SOC_POL_THOUGHT	theme	READ_SOCIETY	정치사상
READ_TECH_ARCH_STRUCT	theme	READ_TECH	구조
GRAM_HS_MEDIEVAL	theme	GRAM_HISTORY	중세 국어
READ_HUM_WH_ECONOMY	theme	READ_HUMANITIES	세계 경제·산업사
READ_SCI_EAR_ATMOS	theme	READ_SCIENCE	대기
READ_SOC_POL_INTL	theme	READ_SOCIETY	국제정치
READ_TECH_ARCH_MATERIAL	theme	READ_TECH	재료
GRAM_HS_MODERN_PRE	theme	GRAM_HISTORY	근대 국어
READ_HUM_WH_THOUGHT	theme	READ_HUMANITIES	세계 사상·종교사
READ_SCI_EAR_OCEAN	theme	READ_SCIENCE	해양
READ_SOC_POL_ELECTION	theme	READ_SOCIETY	선거·정당
READ_TECH_ARCH_URBAN	theme	READ_TECH	도시계획
GRAM_HS_PHONOLOGY	theme	GRAM_HISTORY	음운 변천
READ_HUM_WH_CULTURE	theme	READ_HUMANITIES	세계 문화·예술사
READ_SCI_EAR_WEATHER	theme	READ_SCIENCE	기상
READ_SOC_POL_POWER	theme	READ_SOCIETY	권력구조
READ_TECH_ARCH_GREEN	theme	READ_TECH	친환경 건축
GRAM_HS_GRAMMAR	theme	GRAM_HISTORY	문법 변천
READ_HUM_WH_LIFE	theme	READ_HUMANITIES	세계 생활·과학기술사
READ_SCI_EAR_OTHER	theme	READ_SCIENCE	기타 지구과학
GRAM_HS_LEXICAL	theme	GRAM_HISTORY	어휘 변천
READ_HUM_AES_PHIL	theme	READ_HUMANITIES	예술철학
READ_HUM_AES_EXP	theme	READ_HUMANITIES	미적 경험
READ_HUM_AES_NATURE	theme	READ_HUMANITIES	미의 본질
READ_HUM_AES_THEORY	theme	READ_HUMANITIES	미학 이론
READ_HUM_AES_OTHER	theme	READ_HUMANITIES	기타 미학
MEDIA_T_ETC	theme	MEDIA	기타
SPEAK_T_ETC	theme	SPEAK	기타
WRITE_T_ETC	theme	WRITE	기타
GRAM_PHONOLOGY	sub_area	GRAM	음운
LIT_MODERN_POETRY	sub_area	LIT	현대시
MEDIA_PRINT	sub_area	MEDIA	인쇄 매체 (신문/잡지)
READ_HUMANITIES	sub_area	READ	인문
SPEAK_PRESENT	sub_area	SPEAK	발표/강연
WRITE_PROPOSAL	sub_area	WRITE	건의문
GRAM_WORD	sub_area	GRAM	단어
LIT_CLASSIC_POETRY	sub_area	LIT	고전시가
MEDIA_BROADCAST	sub_area	MEDIA	방송/영상 매체
READ_SOCIETY	sub_area	READ	사회
SPEAK_DEBATE	sub_area	SPEAK	토론
WRITE_ARGUMENT	sub_area	WRITE	논설문
GRAM_SENTENCE	sub_area	GRAM	문장
LIT_MODERN_NOVEL	sub_area	LIT	현대소설
MEDIA_INTERNET	sub_area	MEDIA	인터넷/소셜 매체
READ_SCIENCE	sub_area	READ	과학
SPEAK_DISCUSS	sub_area	SPEAK	토의
WRITE_REPORT	sub_area	WRITE	보고서
GRAM_DISCOURSE	sub_area	GRAM	담화
LIT_CLASSIC_PROSE	sub_area	LIT	고전산문
MEDIA_AD	sub_area	MEDIA	광고
READ_TECH	sub_area	READ	기술
SPEAK_NEGOTIATE	sub_area	SPEAK	협상
WRITE_LIFE	sub_area	WRITE	생활문
GRAM_HISTORY	sub_area	GRAM	국어사
LIT_ESSAY	sub_area	LIT	수필
MEDIA_DIGITAL	sub_area	MEDIA	디지털/뉴미디어
READ_ART	sub_area	READ	예술
SPEAK_INTERVIEW	sub_area	SPEAK	대담
WRITE_EXPLAIN	sub_area	WRITE	설명문
LIT_DRAMA	sub_area	LIT	극
MEDIA_CONVERGENCE	sub_area	MEDIA	융합 매체
WRITE_REVIEW	sub_area	WRITE	비평/감상문
MEDIA_ETC	sub_area	MEDIA	기타
READ_ETC	sub_area	READ	기타
SPEAK_ETC	sub_area	SPEAK	기타
WRITE_ETC	sub_area	WRITE	기타
READ	area	NULL	독서 (비문학)
LIT	area	NULL	문학
GRAM	area	NULL	문법
SPEAK	area	NULL	화법
WRITE	area	NULL	작문
MEDIA	area	NULL	매체
